学期,学号,书名,日期
1,1,1520557,926
1,1,1458042,1013
1,1,2946186,1013
1,1,1538321,1016
1,1,2794015,1016
1,1,2885156,1021
1,1,2607445,1021
1,1,2767174,1021
1,1,1495883,1026
1,1,1505519,1026
1,1,1301994,1026
1,1,2608930,1026
1,1,1496733,1111
1,1,2566572,1111
1,1,2898752,1111
1,1,2914343,1111
1,1,1512649,1117
1,1,2608774,1117
1,1,2894723,1117
1,1,2919287,1117
1,1,2804907,1117
1,1,2628054,1205
1,1,2797096,1205
1,1,2574632,1214
1,1,2565104,1214
1,1,2786113,1214
2,1,1544201,307
2,1,2875968,420
2,1,2878511,420
2,1,1125930,522
2,1,1104460,522
2,1,1436051,603
2,1,2895132,603
2,1,1379814,603
3,1,1370729,905
3,1,2832865,905
3,1,2704289,905
3,1,1558217,1012
3,1,2854178,1018
3,1,1522634,1018
3,1,2994855,1018
3,1,1272584,1018
3,1,1572099,1105
3,1,1371919,1105
3,1,1549328,1105
3,1,2771078,1126
3,1,1470524,1126
3,1,2957931,1126
1,2,2741738,916
1,2,1376960,1026
1,3,2579725,917
1,3,1263444,918
1,3,1039827,918
1,3,2587432,928
1,3,1498588,928
1,3,1425220,928
1,3,2914365,929
1,3,2894729,929
1,3,2731592,1006
1,3,1267071,1006
1,3,2696761,1006
1,3,2837107,1006
1,3,2588376,1006
1,3,1486535,1013
1,3,1482057,1013
1,3,1297764,1013
1,3,2759616,1014
1,3,2233385,1014
1,3,1031259,1022
1,3,1099681,1022
1,3,1280876,1201
1,3,1280876,117
1,3,1558972,117
1,3,2824055,117
2,3,2591394,225
2,3,1141900,227
2,3,2802434,227
2,3,1301889,303
2,3,1198427,331
2,3,1309053,411
2,3,1170986,418
2,3,1452964,509
2,3,1143702,511
2,3,1322291,620
2,3,1110699,620
2,3,1121725,620
2,3,2858254,705
2,3,2918768,705
2,3,1038860,713
2,3,1190157,713
3,3,1190157,921
3,3,1144694,921
3,3,1374734,1010
3,3,1374748,1115
3,3,1374748,102
3,3,2598589,108
1,4,1473399,928
1,4,1473523,928
2,4,2842315,401
2,4,1257647,401
2,4,2759864,424
2,4,2794758,424
2,4,2656011,424
2,4,1104258,520
2,4,1104258,520
2,4,2842315,520
2,4,2798775,520
2,4,1104258,520
3,4,1363573,924
3,4,1190336,1105
3,4,2823330,1105
3,4,1102996,1107
3,4,1486485,1107
3,4,1190336,1201
1,5,2750547,917
1,5,2606200,917
1,5,1378921,917
1,5,2741353,917
1,5,2922968,1017
1,5,1296207,1017
1,5,2708030,1017
1,5,1308256,1017
1,5,1470524,1017
1,5,2759735,1017
1,5,1336315,1017
1,5,1400910,1029
1,5,2690232,1029
1,5,2630592,1029
1,5,1105156,1029
1,5,2562986,1122
1,5,2743696,1122
1,5,1456160,1122
1,5,1519093,1122
1,5,2818538,1214
1,5,2766879,1229
1,5,2586035,111
2,5,2652085,225
2,5,1524211,225
2,5,2600093,225
2,5,1373791,227
2,5,1058022,227
2,5,2667338,227
2,5,2626390,227
2,5,1500602,227
2,5,2710802,318
2,5,2806532,320
2,5,1483177,320
2,5,1419449,417
2,5,1484386,417
2,5,1521767,417
2,5,3000841,417
2,5,2837585,419
2,5,2746608,419
2,5,2606577,419
2,5,1342948,510
2,5,2896845,510
3,5,2608775,903
3,5,2626974,903
3,5,1558015,903
3,5,2745302,912
3,5,1311408,912
3,5,2608969,1024
3,5,2843147,1107
3,5,2743749,1107
1,6,1512783,917
1,6,1526185,917
1,6,2751088,919
1,6,2751089,919
1,6,2765527,920
1,6,2827892,920
1,6,1255339,920
1,6,1306514,1008
1,6,2941000,1008
1,6,2920147,1016
1,6,2958622,1030
1,6,1160889,1120
1,6,1245250,1120
1,6,1142516,1123
1,6,2919398,1123
1,6,1388548,1123
1,6,1542419,1123
1,6,1429632,1123
1,6,1525600,1123
1,6,1512037,1216
1,6,1443079,1226
1,6,2911012,1230
1,6,1509099,112
1,6,2843499,114
2,6,2954998,226
2,6,1289313,226
2,6,1406433,226
2,6,1550219,226
2,6,1129271,226
2,6,2958654,228
2,6,1511839,228
2,6,2628448,308
2,6,2628438,308
2,6,2695427,308
2,6,2764303,311
2,6,2843491,313
2,6,2765131,313
2,6,2644967,313
2,6,2772626,321
2,6,1501771,409
2,6,1262867,411
2,6,2602133,411
2,6,2804908,411
2,6,1178035,411
2,6,1473279,411
2,6,1473285,411
3,6,2875704,1011
3,6,2964236,1016
3,6,1497484,1030
3,6,2574586,1030
3,6,2574585,1030
3,6,1099601,1030
3,6,2660529,1030
3,6,2916905,1109
3,6,2916882,1109
3,6,1538317,1109
3,6,2594404,1109
3,6,2564271,111
1,7,1379686,917
1,7,1304246,917
1,7,2584715,917
1,7,1317237,1204
1,7,1429303,1204
1,7,1091521,1204
1,7,2901157,1204
1,7,1085510,1225
1,7,1286083,1225
1,7,1465582,1225
2,7,1405223,228
2,7,1474086,301
2,7,1411259,301
2,7,1342947,308
2,7,2677015,308
2,7,2659325,308
2,7,1342947,308
2,7,2677015,308
2,7,2659325,308
2,7,2966404,316
2,7,2954003,322
2,7,2953130,322
2,7,2994565,322
2,7,2977115,322
2,7,2830790,515
2,7,2625141,515
2,7,1322642,515
2,7,1469494,515
2,7,2897838,523
2,7,2610423,523
2,7,1465646,523
2,7,1247044,605
2,7,2844677,605
2,7,1021090,605
2,7,2700175,605
2,7,1127742,605
2,7,2752039,710
2,7,2879309,710
2,7,2692253,710
2,7,2720549,710
2,7,2631088,710
2,7,1273027,710
2,7,2627241,710
2,7,2641846,710
3,7,2879309,901
3,7,2920977,903
3,7,2608503,903
3,7,2838359,903
3,7,2879309,922
3,7,1541921,922
3,7,3015521,1011
3,7,3028755,1011
3,7,2565046,1011
3,7,2923147,1018
3,7,2464273,1018
3,7,2923142,1018
3,7,1546677,1024
3,7,2608503,1024
3,7,2723103,1024
3,7,2604295,1113
3,7,2677012,1113
3,7,2592656,1113
3,7,1500875,1113
3,7,1067457,1113
3,7,1086829,1113
3,7,2642545,1113
3,7,1292935,1113
3,7,3063662,1227
3,7,3056496,1227
3,7,1313928,1227
3,7,1330633,1227
3,7,1091369,1227
3,7,1418516,1227
3,7,1379602,1227
3,7,1091375,1227
3,7,1559236,102
3,7,2578316,102
3,7,2658924,102
3,7,1407513,102
3,7,1388486,102
3,7,1550790,102
3,7,1503099,102
1,8,1284345,924
1,8,2664296,1210
1,8,1302790,1210
1,8,1476187,1210
1,8,1299449,1210
1,8,1299449,117
1,8,1476187,117
2,8,2831239,513
2,8,2964219,513
2,8,2799263,513
2,8,1466927,513
2,8,2762831,513
2,8,2988658,513
2,8,1399003,513
2,8,2697140,521
2,8,1039606,521
2,8,1336927,521
2,8,1545768,521
2,8,1173384,521
2,8,2931107,521
3,8,1539758,1024
3,8,1410872,1024
3,8,1325921,1024
3,8,1276061,1024
3,8,2647137,1024
1,9,2839082,1009
1,9,2944130,1023
1,9,2795415,1023
1,9,1476149,1127
1,9,1504833,1127
2,9,1420786,226
2,9,1389835,318
2,9,2566561,321
2,9,2963766,323
2,9,1405442,323
2,9,1420786,409
2,9,1389835,510
2,9,2963766,510
2,9,1420786,521
2,9,2896576,603
2,9,2941571,623
3,9,2762859,910
3,9,2762857,910
3,9,1552848,910
3,9,1552847,910
3,9,3025753,910
3,9,3025427,910
3,9,3025751,910
3,9,3025425,910
3,9,2728107,1103
3,9,1113722,1103
3,9,1375811,1116
3,9,3048566,1118
3,9,2941571,1127
3,9,1156025,1130
3,9,2580304,1130
3,9,1557748,1130
3,9,2758822,1212
3,9,3025425,1212
3,9,1268515,1212
3,9,3025750,1212
3,9,2850604,1231
1,10,2894552,917
1,10,1306489,917
1,10,1473435,918
1,10,2790612,1009
1,10,1247592,1026
1,10,1265729,1030
1,10,1199685,1030
1,10,1272579,1102
1,10,1280405,1108
1,10,1280420,1108
1,10,1280385,1108
1,10,1175956,1120
1,10,1175950,1120
1,10,2707480,1120
1,10,1283328,1125
1,10,1283325,1125
1,10,1147066,1129
1,10,1245227,1129
1,10,1163667,1203
1,10,1163669,1203
1,10,1269759,1207
1,10,1269760,1207
1,10,1193468,1209
1,10,1329563,118
1,10,2887027,118
1,10,2887040,118
1,10,2726672,118
2,10,2598191,225
2,10,2843758,225
2,10,2592446,225
2,10,2872874,303
2,10,1563796,312
2,10,1450961,312
2,10,2958103,319
2,10,1450961,411
2,10,1450961,526
2,10,1322531,526
2,10,2682015,526
2,10,1197801,710
2,10,1272527,710
2,10,1272545,710
3,10,1458307,1207
3,10,1458316,1207
1,11,2756424,1025
1,11,1133256,1025
1,11,1133257,1026
1,11,1134410,1029
1,11,1133258,1030
1,11,1146806,1031
1,11,1401226,1101
1,11,1146810,1101
1,11,1133287,1102
1,11,1133288,1102
1,11,1146814,1102
1,11,1133271,1109
1,11,1133277,1109
1,11,1134402,1128
1,11,1133296,1128
1,11,1133295,1128
1,11,1134403,1128
1,11,1542412,1129
1,11,1429630,1129
1,11,1440667,1129
1,11,1535245,1129
1,11,1535229,1129
1,11,1513425,1205
1,11,1133281,1205
2,11,2788998,327
2,11,2697628,327
2,11,2858872,327
2,11,2639085,418
2,11,2908516,517
2,11,2639085,530
1,12,2787010,928
1,12,1539292,928
1,12,1462627,1128
1,12,1372919,1205
1,12,1373601,1205
1,12,1372917,1205
2,12,1454556,328
2,12,2610990,328
2,12,1301846,426
2,12,2950945,426
2,12,1525233,428
2,12,1544200,428
2,12,1454556,515
2,12,1525233,613
3,12,3023586,1013
3,12,1122243,1013
3,12,1074148,1118
3,12,1564823,1118
3,12,1268516,1201
1,13,1371890,916
1,13,1163053,920
1,13,1556055,920
1,13,1184732,926
1,13,1559010,1010
1,13,1469480,1010
1,13,1097872,1016
1,13,1559010,1113
1,13,1455137,1115
1,13,1299766,1115
1,13,2878477,1115
1,13,2896845,1118
1,13,1330125,1118
1,13,1510562,1122
1,13,2908661,1122
1,13,1031137,1125
1,13,1168240,1125
1,13,1274158,1125
1,13,2963314,1128
1,13,1447560,1130
1,13,2906541,1130
1,13,2742689,1130
1,13,1070143,1205
1,13,2878479,1205
1,13,1456410,1208
1,13,1368162,1214
1,13,2742585,1228
1,13,2906541,111
1,13,1447560,111
2,13,1232730,418
2,13,2742585,306
2,13,1321045,306
2,13,1447383,306
2,13,2900789,306
2,13,2770092,307
2,13,2827565,307
2,13,1337437,307
2,13,2198718,308
2,13,1232730,308
2,13,1354074,308
2,13,1257541,308
2,13,2232668,315
2,13,1495501,315
2,13,1214741,315
2,13,1470426,315
2,13,2198718,418
2,13,2827565,418
2,13,2723687,418
2,13,1124781,418
2,13,2858521,418
2,13,2950946,424
2,13,1504417,517
2,13,2793295,517
2,13,1482673,517
2,13,1388328,517
2,13,1259248,517
2,13,2957679,517
2,13,2994469,525
2,13,2772739,525
2,13,2587930,706
2,13,1512406,706
2,13,2869163,706
2,13,1334820,706
2,13,2918358,706
2,13,2568034,706
2,13,1068062,706
2,13,1125304,706
2,13,1361511,706
2,13,1068059,706
3,13,1168240,904
3,13,1383300,904
3,13,1422467,904
3,13,2756263,904
3,13,1474091,904
3,13,1369283,904
3,13,1495849,904
3,13,2807333,911
3,13,1149606,911
3,13,2721730,911
3,13,2807333,1007
3,13,1168240,1007
3,13,1149606,1007
3,13,1495849,1007
3,13,1383300,1007
3,13,1369283,1007
3,13,2675895,1007
3,13,2675745,1007
3,13,2897658,1010
3,13,1357548,1010
3,13,1383966,1013
3,13,2928601,1024
3,13,1178077,1024
3,13,1192408,1024
3,13,1549329,1024
3,13,1295257,1108
3,13,2605714,1108
3,13,1312754,1108
3,13,2857963,1112
3,13,2869043,1112
3,13,1178077,1122
3,13,1383300,1122
3,13,1168240,1122
3,13,2857963,1122
3,13,1295257,1122
3,13,2807333,1122
3,13,2869043,1122
3,13,1369283,1122
3,13,1149606,1122
3,13,1131233,1122
3,13,2926448,1201
3,13,2699969,1201
3,13,1492236,1201
3,13,1545549,1201
3,13,2869043,1220
3,13,2857963,1220
3,13,1149606,1220
3,13,1168240,1220
3,13,2945023,1220
3,13,2651170,1220
3,13,3045331,1220
3,13,2647867,1220
3,13,2823235,1220
3,13,2761056,104
3,13,2823120,104
3,13,1283489,104
1,14,1498641,917
1,14,2621372,919
1,14,2880303,1026
1,14,1400263,1026
1,14,2843660,1105
1,14,1466991,1206
1,14,2836143,1206
1,14,1307195,1206
2,14,2826999,314
2,14,1051212,314
2,14,2806773,314
2,14,1270469,406
2,14,2814770,406
2,14,1510830,406
2,14,1278719,406
2,14,2847167,415
2,14,1388481,415
2,14,2648211,415
2,14,1049044,506
2,14,1510558,513
2,14,1278719,513
2,14,1304592,529
2,14,2843682,529
2,14,2889116,529
1,15,2859451,922
1,15,1403182,924
1,15,1491229,1010
1,15,2855560,1011
1,15,1154421,1227
1,15,2636898,112
1,15,1054132,112
3,15,2889639,903
3,15,1293160,903
3,15,1182199,903
3,15,2787664,1013
3,15,2740121,1013
3,15,1349593,1022
3,15,1349557,1022
3,15,2587692,1027
3,15,1518948,1027
3,15,2816109,1027
1,16,2580348,1026
1,16,2815210,1026
1,16,2761015,1026
1,16,1407195,1129
1,16,2901478,1206
2,16,2844376,314
2,16,2592877,314
2,16,1271840,314
2,16,2639856,314
2,16,1152145,415
2,16,1312827,415
2,16,1285552,415
3,16,2696195,909
3,16,1051712,909
3,16,1025399,909
3,16,2920394,909
3,16,2909308,909
3,16,1173383,909
3,16,1100949,1015
1,17,2762130,1007
1,17,2949792,1007
1,17,2636540,1007
1,17,2765495,1007
1,17,2563061,1007
1,17,1268377,1007
1,17,2607695,1007
1,17,2562986,1007
1,17,1538911,1007
1,17,2563068,1007
1,17,2906648,1007
1,17,1476299,1007
2,17,1558012,511
2,17,2836310,511
2,17,2954584,515
2,17,2964236,515
2,17,2907632,515
2,17,1443317,515
2,17,1472232,527
2,17,2897606,603
2,17,1092702,603
2,17,2789293,603
1,18,1148581,924
1,18,2598433,924
1,18,2568059,926
1,18,1083171,1012
1,18,1343530,1027
1,18,1370845,1102
1,18,1486754,1102
1,18,2598433,1106
1,18,2568059,1106
1,18,2836142,1115
1,18,1414504,1123
1,18,1534809,1127
1,18,2665269,1127
1,18,1074145,1130
1,18,1447383,1130
1,18,1326162,1130
1,18,2588384,1207
1,18,2900789,1207
1,18,2598433,1213
1,18,2886323,1215
1,18,2568059,1222
1,18,2825176,103
1,18,1447383,106
1,18,1414504,106
1,18,1300561,117
1,18,1321045,118
1,18,2588384,118
1,18,1337863,118
1,18,1362636,118
1,18,2791008,118
2,18,2990437,310
2,18,1183739,310
2,18,1456475,310
2,18,1027642,330
2,18,1036544,330
2,18,1498148,330
2,18,2735316,330
2,18,1345969,330
2,18,1198672,331
2,18,1480027,331
2,18,2604066,331
2,18,1537588,331
2,18,1321045,417
2,18,1447383,417
2,18,1325490,430
2,18,2774778,430
2,18,2735316,517
2,18,1480027,517
2,18,1498148,517
2,18,1426439,527
2,18,1388919,527
2,18,1522171,527
2,18,1369363,527
2,18,2869190,527
2,18,1321045,531
2,18,2735316,531
2,18,1522171,531
2,18,2774778,611
2,18,2585991,618
2,18,2586041,624
2,18,2585993,625
2,18,2716038,625
2,18,2851498,625
2,18,2216570,708
3,18,1373406,922
3,18,1042859,922
3,18,1369882,922
3,18,2875773,922
3,18,1274261,926
3,18,1399732,926
3,18,1154253,1105
3,18,1301798,1105
3,18,2876161,1118
3,18,1399732,1118
3,18,1274261,1118
3,18,1280940,1123
3,18,1528783,1123
3,18,2632281,1123
3,18,1407766,1129
3,18,2876083,1203
3,18,1326191,1203
3,18,1274261,103
3,18,1407766,103
3,18,1399732,103
1,19,1358927,922
1,19,2622499,929
1,19,1148818,1010
1,19,1242666,1010
1,19,1513455,1010
1,19,2657846,1010
1,19,1164983,1029
1,19,1366782,1111
1,19,1357139,1111
1,19,2872289,1111
1,19,2705539,1111
1,19,2942779,1111
1,19,1366782,1128
1,19,2568295,1212
1,19,1366782,1212
1,19,2718545,1212
1,19,1420576,1212
1,19,2568295,1228
1,19,2623373,1228
1,19,1170489,1228
1,19,1525903,1230
1,19,1117131,108
1,19,2740415,108
1,19,1363213,108
1,19,1525903,112
1,19,2890617,112
1,19,2944221,112
1,19,2829132,112
1,19,1484032,112
1,19,1564409,112
1,19,2845179,112
1,19,2623373,117
1,19,1363213,117
1,19,1117131,117
1,19,2740415,117
1,19,1366782,117
2,19,1117131,225
2,19,1363213,225
2,19,2740415,225
2,19,2623373,225
2,19,1447611,316
2,19,2568272,316
2,19,2821771,316
2,19,2637168,316
2,19,1167960,316
2,19,2816133,316
2,19,2623373,324
2,19,1117131,324
2,19,1363213,324
2,19,2740415,324
2,19,1412370,324
2,19,1485395,325
2,19,1067466,328
2,19,1309054,328
2,19,1128190,328
2,19,1485395,414
2,19,1309054,414
2,19,2969988,415
2,19,2991307,415
2,19,1512266,415
2,19,2854313,427
2,19,1132309,427
2,19,2709345,427
2,19,1366782,427
2,19,1512266,427
2,19,1412370,427
2,19,1309054,427
2,19,1485395,427
2,19,2991307,427
2,19,1366782,603
2,19,1512266,603
2,19,1485395,603
2,19,1412370,603
2,19,1309054,603
2,19,1391025,615
2,19,1417347,619
2,19,1053087,625
2,19,2832932,626
2,19,1519673,626
2,19,2650869,627
2,19,2602511,628
3,19,1366782,902
3,19,1485395,902
3,19,1053087,902
3,19,2607715,902
3,19,2698871,902
3,19,1305587,912
3,19,1485395,1010
3,19,1398521,1010
3,19,1305587,1010
3,19,2698871,1010
3,19,1366782,1010
3,19,2585999,1019
3,19,2699891,1101
3,19,1401560,1101
3,19,1366782,1114
3,19,1305587,1114
3,19,2698871,1114
3,19,1398521,1114
3,19,1485395,1114
3,19,1398521,1227
3,19,2698871,1227
3,19,1485395,1227
3,19,1366782,1227
3,19,1305587,1227
1,20,1493802,917
1,20,2895496,918
1,20,2883040,918
1,20,1222176,918
1,20,1372026,924
1,20,2831639,924
1,20,1198596,1019
1,20,2800621,1019
1,20,1306157,1029
1,20,1051629,1101
1,20,1143429,1102
1,20,1168285,1108
1,20,1165365,1113
1,20,2857595,1114
1,20,1312813,1115
1,20,1318114,1122
1,20,2599576,1122
1,20,2789923,1122
1,20,2700130,1127
1,20,2677024,1130
1,20,1464586,1205
1,20,1175464,1205
1,20,1264306,1205
2,20,2752789,228
2,20,1045024,312
2,20,2698043,318
2,20,1196181,319
2,20,1045024,409
2,20,1322289,526
2,20,1123339,526
1,21,2891712,1019
1,21,2944773,1231
1,21,2912755,1231
1,21,2944522,1231
2,21,2715739,604
2,21,2717550,604
3,21,1497516,1124
3,21,1497515,1124
3,21,2608968,1124
3,21,2640941,1208
3,21,1261138,1208
1,22,1170700,922
1,22,1298809,924
1,22,1274982,1103
1,22,1321614,1118
2,22,1470560,320
2,22,2862115,320
2,22,2748183,508
2,22,1191531,626
2,22,1111845,626
3,22,2750705,904
3,22,1040523,904
3,22,1531563,923
3,22,2592525,923
3,22,1101982,1129
3,22,1182350,1129
1,23,2790953,924
1,23,1197774,924
1,23,2641938,924
1,23,1480384,924
1,23,1289358,924
1,23,1174509,924
1,23,2823318,924
1,23,1252577,1018
1,23,1181943,1108
1,23,2762139,1108
1,23,2797236,1108
1,23,2663938,1123
1,23,2835502,1123
1,23,2111290,1123
1,23,1185272,1130
1,23,2580210,1130
1,23,1286708,1207
1,23,2968927,108
1,23,1027903,112
1,23,2111290,112
1,23,2897187,112
2,23,1074145,307
2,23,1263193,307
2,23,1543115,307
2,23,1167632,307
2,23,1259635,307
2,23,2609140,331
2,23,2858971,331
2,23,1066901,331
2,23,2995156,331
2,23,2747158,331
2,23,1074145,407
2,23,2800990,407
2,23,1074145,407
2,23,2800990,407
2,23,2806686,428
2,23,1099437,428
2,23,2752474,428
2,23,1030167,428
2,23,2593402,508
2,23,2759866,516
2,23,1153488,528
2,23,1031165,528
2,23,1045025,528
2,23,1045024,528
2,23,2759866,601
2,23,3006315,601
2,23,1223662,607
2,23,2586042,629
3,23,2877481,903
3,23,1281022,910
3,23,1281025,910
3,23,3015148,910
3,23,1141340,1107
3,23,2927958,1107
3,23,2837225,1107
3,23,1111511,1107
3,23,1414312,1118
3,23,3057214,1215
3,23,1371317,115
3,23,1552908,115
1,24,1140914,1126
1,24,2816246,1126
1,24,1390441,1126
1,24,1456409,1210
1,24,1159024,1211
1,24,1455386,1212
1,24,1120183,1227
1,24,1345967,103
1,24,1390441,117
1,24,2816246,117
1,24,2671940,117
2,24,1302865,225
2,24,2636184,225
2,24,1486753,227
2,24,2751336,303
2,24,2895373,303
2,24,2568059,304
2,24,1171560,308
2,24,2717709,311
2,24,1278047,320
2,24,2702674,324
2,24,2752925,414
2,24,2996646,416
2,24,1278047,505
2,24,1322894,505
2,24,2677935,508
2,24,1073316,508
2,24,1412497,508
2,24,1280262,511
2,24,1279861,513
2,24,1556640,515
2,24,1542543,515
2,24,1105457,515
2,24,1144813,515
2,24,1062443,516
2,24,3000646,520
2,24,1421035,522
2,24,1554693,522
2,24,1091812,522
2,24,2636290,527
2,24,1218097,527
2,24,2632626,708
2,24,3012934,708
2,24,1116018,708
2,24,2808115,708
3,24,2806769,923
3,24,2791283,923
3,24,2791949,1025
3,24,1111510,1103
3,24,2955370,1103
3,24,1433474,1103
1,27,1294338,1114
1,27,1474681,1114
1,27,1193440,1128
1,27,2767579,1128
2,27,2586035,614
2,27,2586024,616
3,27,2663834,920
3,27,1299729,920
3,27,2669255,1105
3,27,1146590,1105
3,27,2785088,1105
3,27,1169000,1105
3,27,1058850,1105
3,27,1413470,1105
3,27,1487860,1105
3,27,1437719,1105
3,27,1149745,1105
1,28,1139814,1027
1,28,2800428,1027
1,28,1563914,1103
1,28,1539622,1103
1,28,1195876,1112
1,28,2836491,1112
1,28,2711027,1112
1,28,1442646,1112
1,28,1356086,1114
1,28,1405171,1114
1,28,1289271,1114
1,28,1286703,1117
1,28,1270242,1117
1,28,2683294,1117
1,28,2763499,1117
1,28,1166711,1117
1,28,2916734,1128
1,28,2816614,1128
1,28,2835747,1128
1,28,1345969,102
1,28,1395562,115
1,28,1050779,115
2,28,1044796,310
2,28,2647867,310
2,28,1218117,310
2,28,2634596,318
2,28,1344022,318
2,28,2604529,318
2,28,2626391,323
2,28,1476006,323
2,28,1086041,324
2,28,1488329,324
2,28,1383098,324
2,28,2591021,409
2,28,2796563,409
2,28,2922630,413
2,28,1044796,511
2,28,1344022,511
2,28,1218117,511
2,28,1344022,628
2,28,1053742,707
2,28,1053743,707
2,28,1053795,707
2,28,1053742,707
3,28,2805650,929
3,28,2907878,929
3,28,1353641,929
3,28,1344022,1007
3,28,1388162,1012
3,28,2790189,1012
3,28,1334109,1026
3,28,1406724,1026
3,28,2663688,1026
3,28,1076806,1026
3,28,1277251,1026
3,28,2658140,1105
3,28,1192409,1105
3,28,1413472,1105
3,28,1041172,1105
3,28,2985630,1120
3,28,2657850,1120
3,28,1272447,104
3,28,1387038,104
3,28,1354075,115
3,28,1483172,115
1,31,2743012,924
1,31,2770566,924
1,31,2721029,1017
1,31,2671801,1018
1,31,1175625,1109
1,31,1408055,1109
1,31,2813274,1111
1,31,1523861,1111
1,31,1159405,112
1,31,2716471,112
2,31,2631090,407
2,31,1119522,407
2,31,2677011,407
2,31,2906756,407
2,31,2631579,407
2,31,1367908,407
2,31,1270451,418
2,31,1045005,418
2,31,1187494,418
2,31,2837763,418
2,31,2830924,418
2,31,2838006,418
2,31,2737712,418
2,31,2788282,508
2,31,1550774,508
2,31,1414138,508
2,31,2643929,508
2,31,2874409,508
2,31,1265534,509
2,31,1338762,509
2,31,2872981,509
2,31,2783271,522
3,31,2683520,1104
3,31,3011383,1104
3,31,1148665,1104
3,31,1312014,1104
3,31,2684602,1104
3,31,3040384,1107
3,31,3040474,1107
3,31,3067683,113
3,31,3069508,113
3,31,3067260,113
3,31,3055510,113
3,31,3063759,113
3,31,3067755,113
3,31,3067692,113
1,32,2830528,928
1,32,1455680,928
2,32,1270522,604
2,32,2574691,627
2,32,1413068,627
2,33,2669254,527
2,33,1485163,527
3,33,1147210,1029
3,33,1448006,1030
1,34,2623724,916
1,34,1190336,1123
2,34,2836263,317
2,34,1142459,507
2,34,2809038,507
2,34,2772231,507
2,34,2585994,511
2,34,1180521,530
2,34,1051566,621
3,34,3045527,1031
3,34,2740489,1110
3,34,2779777,1205
3,34,2911572,1205
1,35,1329729,916
1,35,2849002,916
1,35,2773909,916
1,35,2856465,1026
1,35,1027249,1026
1,35,1549307,1027
1,35,2686198,1103
1,35,2876993,1201
1,35,2733469,1201
1,35,2713949,1213
1,35,2586000,113
1,36,1191977,917
1,36,2700808,917
1,36,2641847,917
1,36,2908661,917
2,36,1486645,529
3,36,1153846,901
3,36,1148783,901
3,36,1486044,901
3,36,1249860,901
3,36,2913525,909
3,36,2772621,909
3,36,2653148,909
3,36,1424203,1015
3,36,1424203,1104
3,36,1100949,1104
1,37,1446764,1007
1,37,1537324,1011
1,37,1537336,1011
1,37,2803345,1021
1,37,2803324,1021
2,37,1390620,417
2,37,2737065,417
1,38,1368728,1104
1,38,1300585,1106
1,38,1465575,1106
1,38,1300585,1126
1,38,2797600,1126
1,38,2915769,1127
1,38,2911043,1128
1,38,2909585,1128
1,38,2921601,1128
1,38,2915617,1128
1,38,2907770,1204
1,38,2906980,1204
1,38,2909894,1204
1,38,2907918,1204
1,38,2906983,1206
1,38,2906988,1206
1,38,2808064,1206
1,38,2958055,1206
1,38,1300585,119
2,38,2610272,227
2,38,2836376,227
2,38,1473860,309
2,38,1473860,309
2,38,1473859,309
2,38,1464002,310
2,38,1464002,310
2,38,1378253,310
2,38,2910192,312
2,38,2910192,312
2,38,2911040,312
2,38,1293286,312
2,38,2914231,313
2,38,1044837,322
2,38,2836385,328
2,38,2716597,419
2,38,2782632,515
2,38,1378948,515
2,38,1468167,525
2,38,1322314,525
2,38,1017777,525
2,38,1017777,525
2,38,1296637,529
2,38,1396257,529
2,38,2843992,529
2,38,1290347,529
2,38,2238797,611
2,38,2751194,621
2,38,2596112,627
2,38,1065073,627
3,38,1276759,926
3,38,2876082,926
3,38,2844687,926
3,38,2838358,926
3,38,1445211,1110
3,38,1034617,1110
3,38,2876162,1110
3,38,1276060,1110
1,39,2834883,1202
1,39,1498075,1202
1,39,1018942,1231
1,39,1018942,1231
1,39,2871063,1231
1,39,1535261,1231
1,39,1198717,1231
1,39,1291187,116
2,39,2834885,304
2,39,2800990,304
2,39,1456409,307
2,39,1456409,407
2,39,1387340,517
2,39,2585999,626
2,39,2586040,629
3,39,2927959,1107
3,39,2987972,1107
3,39,2925167,1107
3,39,2667436,1107
3,39,3004634,115
3,39,2746523,115
1,40,1188611,923
1,40,2723683,923
1,40,2914680,1122
1,40,2630236,1122
1,40,1175980,1122
1,40,2804387,1122
1,40,2700025,1125
1,40,2806806,1202
1,40,2832196,1228
1,40,2786577,1228
1,40,2928073,111
1,40,2928089,111
2,40,1540558,416
2,40,2958654,416
2,40,2605296,605
3,40,2742295,1105
3,40,2601814,1105
3,40,1322828,1105
1,41,2610910,916
1,41,1450353,922
1,41,1450360,922
1,41,1152341,924
1,41,2594761,929
1,41,2956424,1020
1,41,2956425,1020
1,41,2964816,1104
1,41,1099705,1127
1,41,1104588,1127
1,41,1396132,102
1,41,1460453,102
1,41,2664920,102
1,41,1309596,102
1,41,1345968,102
1,41,1090213,102
1,41,1367935,117
1,41,2964237,117
2,41,2723687,411
2,41,1124781,411
2,41,2601019,304
2,41,2894634,304
2,41,2697352,304
2,41,1055717,304
2,41,1314386,315
2,41,1523016,315
2,41,1548947,315
2,41,1175548,315
2,41,1557297,315
2,41,2653234,329
2,41,1227744,329
2,41,2696517,329
2,41,1466744,329
2,41,1103579,329
2,41,1223445,329
2,41,2988828,329
2,41,1324563,415
2,41,2692592,415
2,41,1476196,415
2,41,2854418,502
2,41,2890900,502
2,41,2951413,506
2,41,1554407,506
2,41,2950947,506
2,41,2997262,513
2,41,2723686,516
2,41,1534902,516
2,41,2895130,516
2,41,1440967,516
2,41,2854418,516
2,41,1504416,517
2,41,2957680,517
2,41,1065516,517
2,41,2789292,517
2,41,1247041,517
2,41,2586036,611
2,41,2950947,611
2,41,2723686,611
2,41,2586039,614
2,41,2586034,616
2,41,2578198,616
2,41,2586014,620
2,41,1038859,621
2,41,2591504,621
2,41,2585997,622
2,41,2585992,623
2,41,2585997,624
2,41,2585997,625
2,41,2585991,626
2,41,2586002,627
2,41,2585988,629
2,41,2585989,630
2,41,1432834,630
2,41,2585986,701
2,41,2585990,702
2,41,2586038,703
2,41,2586003,704
3,41,1558445,902
3,41,1274592,902
3,41,2786237,902
3,41,2946906,902
3,41,2774400,902
3,41,1451765,904
3,41,1412037,904
3,41,2673168,904
3,41,2568016,904
3,41,1483843,918
3,41,2892925,921
3,41,2849482,925
3,41,1154248,1024
3,41,2740488,1024
3,41,1384219,1024
3,41,1425466,1024
3,41,3030149,1024
3,41,1073417,1024
3,41,1154254,1024
3,41,1384221,1024
3,41,1274714,1029
3,41,2911750,1029
3,41,2696196,1029
3,41,1249197,1029
3,41,1274595,1029
3,41,2586014,1105
3,41,2586011,1107
3,41,2669256,1107
3,41,2784146,1107
3,41,2586000,1112
3,41,2855595,1129
3,41,1103274,1208
3,41,1314890,1208
3,41,1113721,1212
1,42,2641595,1023
1,42,1478514,1023
1,42,2907619,1120
1,42,1459743,1207
2,42,1537509,411
2,42,2769839,411
3,42,2571420,903
3,42,1421663,903
3,42,2564771,903
3,42,1143625,903
3,42,2898749,1010
3,42,1307939,1022
3,42,1307937,1022
3,42,2999228,1105
3,42,1556548,1105
3,42,1307939,1203
2,43,1396255,524
2,43,1305592,524
2,43,1489929,524
2,43,1371587,524
2,43,1410331,524
2,43,2789279,524
2,43,2620999,524
2,43,2855779,524
2,43,1322317,524
2,43,1187836,524
2,43,1305592,709
2,43,1415470,709
2,43,1415487,709
2,43,1415457,709
2,43,1415472,709
2,43,1415427,709
2,43,1407284,709
2,43,1326194,709
3,43,2586026,922
3,43,2586004,1012
3,43,2586020,1018
3,43,2762857,1020
3,43,2586048,1020
3,43,2585995,1024
3,43,1035557,1024
3,43,2852673,1024
3,43,2586014,1025
3,43,2586027,1027
3,43,1154251,1027
3,43,1539760,1027
3,43,1301796,1027
3,43,1099598,1027
3,43,1410873,1027
1,44,1154154,1120
2,44,1084939,627
1,45,1388482,917
1,45,2875998,917
1,45,1512137,917
1,45,2858246,920
1,45,2897190,920
1,45,2658642,920
1,45,2958156,1108
1,45,1173516,1108
1,45,1245165,1121
1,45,2968918,1121
2,45,3001165,409
2,45,3001163,409
2,45,1419451,409
2,45,2574246,412
2,45,1562942,412
2,45,2580886,412
2,45,2875429,412
2,45,1331904,412
2,45,2579331,417
2,45,2738924,417
2,45,2621790,417
2,45,2580874,417
2,45,2909862,417
2,45,1192895,417
2,45,2676490,420
2,45,2796244,420
3,45,3011534,903
3,45,2763340,903
3,45,2790628,910
3,45,1419388,910
3,45,2834682,910
3,45,1384654,1013
3,45,2795050,1013
3,45,2901479,1013
3,45,2837585,1117
3,45,2580324,1117
3,45,3057215,1215
2,46,1065547,608
3,46,2999067,1103
3,46,1487861,1103
3,46,3043104,1103
1,47,1316907,1107
1,47,2822349,1107
1,47,1450932,1107
1,47,1292015,1107
1,47,2822349,1221
2,47,1511313,314
2,47,1294100,314
2,47,1396992,314
2,47,1286365,613
2,47,2759268,613
3,47,2715262,1027
3,47,1389677,1027
3,47,2823561,1027
3,47,1515828,1027
3,47,1106386,1027
3,47,2785089,1104
3,47,2764405,1104
3,47,1393088,1104
3,47,1275119,1104
3,47,1439317,1104
3,47,2870882,1104
3,47,1155387,1104
3,47,1039606,1104
3,47,1396346,1109
3,47,2994154,1130
3,47,1123008,1130
3,47,2577825,1130
3,47,2994154,113
3,47,1101528,113
3,47,1317532,113
3,47,1530836,113
3,47,1434260,113
1,48,2789083,1015
1,48,2678465,1015
2,48,2895729,226
2,48,1308546,226
2,48,1287016,226
2,48,2915139,227
2,48,2982288,227
2,48,1279403,411
2,48,2579112,411
2,48,2631578,415
2,48,1526183,415
2,48,1292801,426
2,48,2878985,426
2,48,2969989,426
2,48,1499621,427
2,48,2641162,502
2,48,2671663,508
2,48,2895131,527
2,48,1354516,527
2,48,2791541,604
3,48,2993179,908
3,48,2836672,908
3,48,1267697,908
3,48,3009479,911
3,48,2983216,1017
3,48,2919385,1019
3,48,2919343,1103
3,48,1301797,1103
3,48,1411573,1106
3,48,2776244,1107
3,48,1073274,1129
3,48,1147210,1129
1,49,2692576,915
1,49,2785157,926
1,49,1191744,926
1,49,1286075,926
1,49,1143093,926
1,49,1334477,928
1,49,2874460,1014
1,49,1444544,1014
1,49,2874460,1119
1,49,1444544,1119
2,49,1468922,310
2,49,1569811,312
2,49,1308613,312
2,49,1422757,526
2,49,1136385,621
2,49,1463450,621
3,49,1050014,915
3,49,1049996,915
1,50,1148293,923
1,50,2817856,923
1,50,1298964,923
1,50,1429461,926
1,50,2751280,928
1,50,2786031,1026
1,50,1287783,1211
2,50,1446719,308
2,50,1464873,401
2,50,2732818,418
2,50,2849268,627
2,50,2621192,627
2,50,2846105,627
2,50,2846108,627
1,51,2625353,916
1,51,1117071,920
1,51,1163053,920
1,51,1556054,920
1,51,1331699,923
1,51,2624653,923
1,51,2579446,926
1,51,1515441,926
1,51,2588119,926
1,51,2580304,929
1,51,1246471,1007
1,51,1498854,1012
1,51,1097874,1016
1,51,1267921,1030
1,51,2588119,1111
1,51,2579446,1111
1,51,1515441,1111
1,51,2580304,1115
1,51,1407340,1115
1,51,1498854,1119
1,51,2788581,1122
1,51,1486495,1122
1,51,2569556,1202
1,51,2774104,1208
1,51,2669738,1208
1,51,2882156,1228
1,51,2967192,107
2,51,2774104,224
2,51,1354621,227
2,51,1433402,227
2,51,2965357,227
2,51,1543854,301
2,51,2790607,301
2,51,2646870,301
2,51,1409282,304
2,51,1131969,304
2,51,1435266,304
2,51,1540029,309
2,51,1155955,310
2,51,2855938,318
2,51,2987504,329
2,51,1357170,329
2,51,1243847,329
2,51,2847639,329
2,51,1153174,406
2,51,1543866,406
2,51,1377921,406
2,51,1354621,412
2,51,2950946,413
2,51,2875967,415
2,51,1389625,417
2,51,1199336,417
2,51,2922632,418
2,51,2876814,418
2,51,2699246,418
2,51,2934137,424
2,51,2854417,424
2,51,1369363,428
2,51,1143535,428
2,51,2744055,429
2,51,2677095,429
2,51,2786051,429
2,51,1048651,513
2,51,2943586,515
2,51,2812831,515
2,51,2942943,516
2,51,1531081,516
2,51,1534901,516
2,51,2895132,516
2,51,1033393,516
2,51,1440968,516
2,51,2957678,517
2,51,1371835,524
2,51,2714103,524
2,51,2854417,530
2,51,2943586,605
2,51,2586034,611
2,51,2585988,614
2,51,3010189,614
2,51,2681922,615
2,51,1516774,615
2,51,2586036,616
2,51,1545278,618
2,51,2586028,620
2,51,2578202,620
2,51,2586036,622
2,51,2585994,623
2,51,2585987,624
2,51,2585986,625
2,51,2585999,627
2,51,2585987,629
2,51,2586033,630
2,51,2586004,703
2,51,2586036,704
2,51,2747413,704
2,51,2967197,704
2,51,2967192,704
2,51,1273088,704
2,51,2712626,704
3,51,2564876,902
3,51,1348539,902
3,51,1312827,902
3,51,2562775,906
3,51,1289646,906
3,51,1485339,909
3,51,2998893,909
3,51,1266785,918
3,51,2611336,918
3,51,1415418,920
3,51,1297812,920
3,51,2981931,926
3,51,1427318,926
3,51,2752111,926
3,51,1286585,926
3,51,1291949,926
3,51,2580304,929
3,51,2793411,929
3,51,2735866,1013
3,51,1317718,1013
3,51,1319054,1013
3,51,1268515,1013
3,51,2817699,1017
3,51,1376970,1017
3,51,1305625,1018
3,51,1359236,1018
3,51,1137898,1018
3,51,1373220,1018
3,51,1113721,1029
3,51,1300620,1103
3,51,1445902,1103
3,51,2586003,1108
3,51,2580304,1114
3,51,1268515,1114
3,51,2585994,1115
3,51,1283653,1119
3,51,2913200,1120
3,51,1279698,1120
3,51,1558363,1120
3,51,1403181,1120
3,51,1351490,1124
3,51,2586005,1207
3,51,1073083,1216
3,51,1277379,1216
3,51,1073120,1216
1,52,2747628,915
1,52,1457277,915
1,52,2737001,915
1,52,1335813,915
1,52,1260914,1027
1,52,1007501,1027
1,52,1007501,1027
1,52,1007501,1027
1,52,1309774,1103
1,52,1268952,1103
1,52,1345133,1103
1,52,1513525,1112
1,52,1449493,1112
1,52,1489978,1112
1,52,2836688,1112
1,52,1089408,1210
1,52,1485488,1210
1,52,1540820,1210
2,52,2634982,413
2,52,2965357,413
2,52,1223661,531
2,52,2622069,531
2,52,1305837,531
2,52,1415421,531
2,52,1118180,531
2,52,2586011,627
2,52,2585999,629
2,52,2586006,630
2,52,2586005,709
2,52,2903838,711
2,52,1120185,711
2,52,2954913,711
2,52,1519233,711
1,53,1560833,928
1,53,1271001,928
1,53,1035642,928
1,53,1454996,928
1,53,2601915,928
1,53,1418416,1028
1,54,2857328,916
1,54,2804267,921
1,54,2895197,921
1,54,1560285,921
1,54,1233612,921
1,54,2718398,921
1,54,2845435,1010
1,54,1358525,1010
1,54,1533696,1010
1,54,1358525,1027
1,54,2747985,1027
1,54,2676035,1130
1,54,1428068,1130
1,54,1452022,1201
1,54,1353047,1208
1,54,2958892,1222
1,54,2588192,1222
1,54,2878975,1222
1,54,1371870,1222
2,54,1371870,225
1,55,1297346,916
1,55,1347783,917
1,55,1438240,917
1,55,1329946,917
1,55,2630453,917
1,55,2874309,926
1,55,2809848,926
1,55,2807111,926
1,55,1277489,926
1,55,1549220,926
1,55,2819052,926
1,55,2718545,1004
1,55,1321879,1004
1,55,2895254,1004
1,55,2848872,1004
1,55,2843497,1004
1,55,1289903,1008
1,55,2890663,1008
1,55,1382143,1008
1,55,2126910,1008
1,55,2106970,1008
1,55,1334132,1012
1,55,2739238,1012
1,55,1362095,1017
1,55,2598833,1026
1,55,2206590,1026
1,55,2126761,1026
1,55,1162259,1111
1,55,2859854,1111
1,55,2869916,1111
1,55,2925377,1111
1,55,1362095,1112
1,55,2609611,1112
1,55,2960675,1116
1,55,2967756,1116
1,55,2967650,1119
1,55,2961002,1121
1,55,2957488,1121
1,55,2965904,1122
1,55,2827087,1122
1,55,2833723,1124
1,55,1289438,1124
1,55,1348410,1124
1,55,2957646,1124
1,55,2610910,1124
1,55,2610910,1124
1,55,2957646,1124
1,55,2833723,1124
1,55,1348410,1124
1,55,2566616,1124
1,55,2963832,1129
1,55,2974732,1202
1,55,2969534,1202
1,55,2920975,1205
1,55,1537416,1205
1,55,2598833,1213
1,55,2661346,1214
1,55,1298517,1223
1,55,1463898,1223
1,55,1525661,1223
1,55,2984653,1225
1,55,1153173,1225
1,55,1181552,1225
1,55,1510284,1225
1,55,1181731,1225
1,55,2984411,1231
1,55,2920975,1231
2,55,1549978,225
2,55,2990823,227
2,55,2985258,227
2,55,1003787,228
2,55,1003787,228
2,55,1003787,228
2,55,1036525,228
2,55,2954358,312
2,55,2621193,312
2,55,1555970,314
2,55,2995051,314
2,55,1451988,321
2,55,2610275,405
2,55,2585294,405
2,55,1112542,405
2,55,2635778,410
2,55,1364551,410
2,55,1364547,410
2,55,2800995,410
2,55,2752489,410
2,55,1544201,415
2,55,2781584,417
2,55,3003354,424
2,55,1451988,424
2,55,1544201,520
2,55,1451988,522
2,55,1544201,620
2,55,2921089,706
2,55,2592423,706
2,55,1263445,706
2,55,2922598,706
2,55,2922552,706
3,55,1138531,913
3,55,2759942,913
3,55,2610335,913
3,55,2810638,913
3,55,1300073,926
3,55,2943757,926
3,55,1138531,1011
3,55,1492773,1017
3,55,1420880,1017
3,55,2658726,1017
3,55,1309930,1017
3,55,1138531,1021
3,55,1138531,1029
3,55,1300073,1029
3,55,2983828,1118
3,55,1492773,1119
1,56,1003816,924
1,56,1003816,924
1,56,1003816,924
1,56,1063175,924
1,56,2828917,924
1,56,2652266,926
1,56,1272304,926
1,56,2796805,926
1,56,1311511,926
1,56,2610734,928
1,56,2838768,1026
1,56,2748201,1026
1,56,1460426,1111
1,56,1365286,1111
1,56,1468516,1111
1,56,1365286,1202
1,56,1460426,1202
1,56,1468516,1202
1,56,1394252,1212
1,56,2683265,1217
1,56,2748020,1217
1,56,2697457,1217
1,56,1283814,1217
1,56,1043205,1217
1,56,1296781,1220
1,56,1279210,1223
1,56,1365286,107
1,56,1468516,107
1,56,1460426,107
2,56,1460426,225
2,56,1468516,225
2,56,1365286,225
2,56,2781219,227
2,56,1255692,228
2,56,1418463,228
2,56,2884626,228
2,56,1287510,306
2,56,2220417,311
2,56,1214924,311
2,56,1210786,311
2,56,2843244,314
2,56,2697612,314
2,56,2784729,314
2,56,2763180,320
2,56,2872200,320
2,56,2961321,320
2,56,2812398,320
2,56,1454742,321
2,56,1421405,328
2,56,2875966,328
2,56,1543282,328
2,56,1468516,408
2,56,1460426,408
2,56,1365286,408
2,56,1543281,411
2,56,1151201,411
2,56,2884626,411
2,56,2578198,418
2,56,2875966,418
2,56,2812398,424
2,56,2872200,424
2,56,1433402,428
2,56,1421405,506
2,56,1107478,508
2,56,1107478,508
2,56,1180496,508
2,56,2578198,513
2,56,2578198,514
2,56,2969889,514
2,56,1226918,514
2,56,1520599,514
2,56,1468516,521
2,56,2884626,521
2,56,1365286,521
2,56,1460426,523
2,56,2789281,527
2,56,1058022,527
2,56,1107478,527
2,56,2622070,527
2,56,2578202,528
2,56,2586006,622
2,56,2585999,623
2,56,2586005,624
2,56,2586034,625
2,56,2586036,626
2,56,2586006,627
2,56,2585986,629
2,56,2586035,701
2,56,2586002,702
2,56,2676777,709
2,56,1472853,710
3,56,2828042,910
3,56,2835935,910
3,56,2611337,918
3,56,1266784,918
3,56,1512949,918
3,56,1316211,922
3,56,2221364,922
3,56,2572607,922
3,56,2849776,922
3,56,1117673,922
3,56,1415812,922
3,56,2606790,922
3,56,2786440,922
3,56,2215355,922
3,56,1055417,923
3,56,1454744,923
3,56,1468303,923
3,56,2577150,923
3,56,1398287,923
3,56,1298143,923
3,56,2831135,923
3,56,2796143,923
3,56,1547293,927
3,56,1455951,927
3,56,2802645,927
3,56,2205227,927
3,56,2611335,927
3,56,1322853,928
3,56,2954324,928
3,56,1302449,928
3,56,1510380,1011
3,56,1285481,1011
3,56,1274586,1011
3,56,1122754,1011
3,56,1033134,1011
3,56,1274586,1011
3,56,1122754,1011
3,56,1510380,1011
3,56,1285481,1011
3,56,1534887,1011
3,56,1076806,1012
3,56,2877481,1012
3,56,3015148,1012
3,56,1281022,1012
3,56,1281025,1012
3,56,2956827,1013
3,56,1322412,1013
3,56,1042861,1013
3,56,1115924,1013
3,56,1322412,1013
3,56,2956827,1013
3,56,1115924,1013
3,56,1042861,1013
3,56,1398286,1018
3,56,1099577,1018
3,56,1128283,1018
3,56,2835935,1021
3,56,2828042,1021
3,56,2660530,1024
3,56,2892772,1024
3,56,2927958,1024
3,56,1154253,1024
3,56,2927958,1024
3,56,2892772,1024
3,56,2660530,1024
3,56,1154253,1024
3,56,1361038,1025
3,56,1274712,1025
3,56,2911752,1025
3,56,2911752,1026
3,56,1195968,1026
3,56,1033198,1026
3,56,1415420,1026
3,56,2826514,1026
3,56,2840170,1026
3,56,2828042,1027
3,56,2835935,1027
3,56,1342467,1028
3,56,1281395,1028
3,56,1096494,1104
3,56,1041042,1104
3,56,2873802,1104
3,56,1064728,1104
3,56,1468817,1104
3,56,1154394,1104
3,56,1305461,1104
3,56,1416480,1111
3,56,1021907,1111
3,56,1003904,1111
3,56,1003904,1111
3,56,1003904,1111
3,56,1030018,1111
3,56,1332897,1111
3,56,1332835,1111
3,56,1038980,1111
3,56,1021907,1111
3,56,1030018,1111
3,56,1195837,1111
3,56,1055198,1111
3,56,1416480,1111
3,56,1038980,1111
3,56,2657109,1113
3,56,2829612,1113
3,56,1447711,1113
3,56,2585728,1113
3,56,2988002,1113
3,56,1400283,1117
3,56,1333597,1117
3,56,2956903,1117
3,56,2796145,1117
3,56,1332795,1117
3,56,2811500,1117
3,56,1039896,1117
3,56,1332757,1117
3,56,1411171,1118
3,56,1115136,1118
3,56,1528913,1118
3,56,2834117,1118
3,56,1103241,1122
3,56,1494198,1122
3,56,1538908,1122
3,56,2237404,1122
3,56,1052588,1122
3,56,1415994,1123
3,56,2889690,1123
3,56,1476921,1123
3,56,1447200,1127
3,56,1468872,1127
3,56,2808220,1127
3,56,1339329,1127
3,56,1447200,1127
3,56,1339329,1127
3,56,2808220,1127
3,56,1468872,1127
3,56,1043452,1127
3,56,1226025,1129
3,56,1045153,1129
3,56,2855596,1129
3,56,2745254,1129
3,56,2745254,1129
3,56,2611336,1130
3,56,1488649,1130
3,56,2194808,1206
3,56,2114209,1206
3,56,3034933,1206
3,56,1252338,1206
3,56,1555406,1207
3,56,2785924,1207
3,56,1070559,1207
3,56,2840169,1207
3,56,1021090,1207
3,56,2925148,1208
3,56,1055042,1208
3,56,1524831,1208
3,56,1396570,1208
3,56,1120957,1213
3,56,1367272,1213
3,56,1453235,1217
3,56,1122029,1217
3,56,1038979,1217
3,56,2804309,1217
3,56,1466910,1217
3,56,1536497,1218
3,56,1343555,1218
3,56,1053212,1218
3,56,2830980,1219
3,56,1340486,1219
3,56,2648665,1224
3,56,1115084,1224
3,56,1078929,1224
3,56,1186659,1224
3,56,2733244,1225
3,56,1268514,1225
3,56,1199208,1225
3,56,2586024,110
1,57,1414546,104
3,57,2853456,1118
3,57,2585929,1118
3,57,1464127,1128
3,57,1397266,1128
1,58,2908248,928
1,58,2658413,929
1,58,1420066,929
1,58,2607988,1018
1,58,1412322,1118
1,58,2887983,1122
1,58,2842281,1122
1,58,2801429,1130
1,58,2703268,1130
1,58,2227895,1205
1,58,1287035,1205
1,58,1287030,1205
2,58,2876680,228
2,58,2824056,228
2,58,2967528,301
2,58,2912711,301
2,58,1469494,328
2,58,2922806,328
2,58,2842855,329
2,58,2672835,329
2,58,2672835,503
2,58,1247041,607
2,58,1239962,607
2,58,2819950,607
2,58,2894491,615
2,58,1377949,621
2,58,1324363,621
2,58,1525234,621
2,58,1101425,621
2,58,2925045,704
3,58,2658413,905
3,58,1333732,905
3,58,2921889,922
3,58,2912600,926
3,58,2900525,1006
3,58,1488215,1011
3,58,2839255,1011
3,58,3010080,1011
3,58,2869890,1014
3,58,2711690,1022
3,58,2711684,1022
3,58,1199273,1104
3,58,1480245,1104
3,58,1169004,1104
3,58,1239670,1113
3,58,2906746,1118
3,58,2983742,1118
3,58,2920576,1120
3,58,2902339,1120
3,58,3056468,1212
3,58,3057242,1212
3,58,3069276,114
2,59,2709172,406
2,59,2709177,406
2,59,2586033,627
2,59,2586035,630
2,60,1192172,527
2,60,1069285,527
2,60,1076255,602
2,60,2842302,602
1,61,2759571,1024
1,61,2956219,1024
1,61,1519093,1104
1,61,2755191,1104
1,61,1519086,1104
1,61,1278282,1104
1,61,1456160,1104
1,61,1453303,1104
1,61,2743696,1104
1,61,2745915,1104
1,61,2607393,1109
1,61,2645696,1109
3,61,2667336,903
3,61,2634576,903
3,61,2612295,903
3,61,1397074,1107
1,62,1491775,928
1,62,2784506,1007
1,62,2935632,1007
1,62,2784506,1121
2,62,1392568,306
2,62,1296447,306
2,62,2769479,306
2,62,1369180,306
2,62,1228287,516
2,62,1212779,516
2,62,2752771,523
2,62,2723683,523
2,62,1344030,620
2,62,2751195,624
1,63,1556054,1013
1,63,1556054,1126
1,63,1526756,1126
1,63,2613651,1126
1,63,1380589,1211
1,63,1159021,1211
1,63,1159021,108
1,63,1380589,108
1,63,1099369,116
1,63,2800106,116
1,63,1159021,117
1,63,1380589,117
2,63,2800106,302
2,63,1013534,306
2,63,1013534,306
2,63,1013534,306
2,63,1053858,318
2,63,1086037,322
2,63,1058485,415
2,63,1455445,415
2,63,1286362,415
2,63,2839779,415
2,63,2678622,519
2,63,1369361,520
2,63,2668496,523
2,63,2238802,530
2,63,1286362,601
2,63,1058485,601
2,63,2839779,601
2,63,1455445,601
2,63,2875732,601
2,63,2682249,603
2,63,2884174,604
2,63,2726104,604
2,63,1455445,705
2,63,2839779,705
2,63,1058485,705
2,63,2884174,705
2,63,1218097,706
3,63,2884174,902
3,63,1455445,902
3,63,2805266,904
3,63,2698872,904
3,63,1531563,923
3,63,1531565,923
3,63,2875392,926
3,63,1397073,926
3,63,2884174,1011
3,63,2805266,1011
3,63,2698872,1104
3,63,1429680,1104
3,63,1492002,1104
3,63,1181203,1104
3,63,2805266,1109
3,63,1020912,1109
3,63,1154248,1109
3,63,2660528,1109
3,63,1485402,1109
3,63,1429680,1211
3,63,2958286,114
1,64,1316074,1109
1,64,2695113,1109
1,64,1413409,1109
1,64,1316085,1109
1,64,2695113,1206
1,64,2958087,1206
1,64,2958087,117
1,64,2984885,117
1,64,2977474,117
2,64,2984885,225
2,64,2977474,225
2,64,2979698,228
2,64,2977474,401
2,64,2633554,401
2,64,1525230,502
2,64,3004179,519
2,64,2878360,607
2,64,2686115,607
2,64,3004179,614
2,64,3014095,624
2,64,2708813,710
2,64,2853536,710
2,64,2859099,710
2,64,1481374,710
2,64,2696055,710
3,64,2859099,1010
3,64,1417478,1010
3,64,1481374,1010
3,64,1417478,1010
3,64,1481374,1010
3,64,2859099,1010
3,64,2956425,1015
3,64,3019150,1015
3,64,3006922,1015
3,64,2588584,1015
3,64,2588584,1015
3,64,2837227,1029
3,64,1437720,1029
3,64,2685431,1029
3,64,1439318,1106
3,64,1287378,1106
3,64,1039605,1106
3,64,2645046,1106
3,64,1481374,1117
3,64,1481374,104
3,64,3000808,111
3,64,1565178,111
1,65,1359390,917
1,65,1183549,917
1,65,2810323,1015
1,65,2963390,1031
1,65,1125628,1206
1,65,2957472,1206
1,65,2605482,106
2,65,2891125,225
2,65,1045025,226
2,65,2891125,410
2,65,1045025,410
2,65,2994331,410
2,65,1010311,412
2,65,1010311,412
2,65,1010311,412
2,65,1348458,412
3,65,2782259,1029
3,65,1496694,1029
3,65,3044317,1103
1,66,2792349,1006
1,66,2627240,1006
1,66,2752061,1006
1,66,2888542,1017
1,66,2918586,1017
1,66,1081083,1102
1,66,2629202,1102
1,66,1198426,1102
1,66,2777254,1207
1,66,1290732,1207
2,66,2814768,330
2,66,1333482,330
2,66,1266440,330
2,66,2867685,330
2,66,2767644,415
2,66,2721977,415
2,66,2774776,506
2,66,2974835,520
2,66,1155598,520
3,66,2677008,903
3,66,2887093,903
3,66,2694939,903
3,66,2969475,913
3,66,2926103,1009
3,66,2663549,1009
1,67,2574242,921
1,67,2785385,921
1,67,2785397,921
1,67,2783682,1012
1,67,2605633,1012
1,67,2907964,1012
1,67,1245905,1212
1,67,1343366,1212
1,67,2599689,1212
1,67,2608492,1212
1,67,1474485,1212
1,67,1293032,1221
1,67,1388486,1221
1,67,1382579,1228
1,67,1489299,111
1,67,2625922,111
1,67,2720683,112
1,67,2978450,116
1,67,2979256,116
2,67,1302790,225
2,67,1285278,228
2,67,1550028,228
2,67,2756589,304
2,67,1184679,304
2,67,1525725,309
2,67,2596434,309
2,67,1285868,309
2,67,1388486,315
2,67,2965583,315
2,67,2596489,315
2,67,2592439,322
2,67,2602392,322
2,67,1099786,322
2,67,2907276,506
2,67,1055717,513
2,67,2610462,519
2,67,1069288,519
2,67,1055717,627
3,67,3014826,910
3,67,2765429,910
3,67,2649383,1004
3,67,2940773,1004
3,67,2965004,1004
3,67,1542316,1004
3,67,3001163,1017
3,67,1416886,1017
3,67,1054194,1019
3,67,1154249,1019
3,67,2928602,1019
3,67,1282979,1019
3,67,1083046,1019
3,67,1302909,1019
3,67,1169003,1030
3,67,1005153,1030
3,67,1005153,1030
3,67,1005153,1030
3,67,1099600,1030
3,67,2715276,1127
3,67,2952322,1127
3,67,2594855,112
2,68,1400386,328
3,68,2774104,1019
3,68,2879711,1019
3,68,2897299,1019
1,69,2648423,924
1,69,1005321,924
1,69,1005321,924
1,69,1005321,924
1,69,2913656,1010
1,69,2913653,1010
1,69,2918400,113
2,69,1258610,225
1,70,1163707,1004
1,70,1569234,1004
1,70,2800990,1004
1,70,1134297,1104
1,70,1079683,1104
1,70,2796514,1104
1,70,1333615,1129
1,70,2965326,1202
1,70,1157179,117
1,70,2889665,117
2,70,2808361,225
2,70,2462908,225
2,70,2721614,301
2,70,1305774,413
2,70,1450127,413
2,70,1390386,712
2,70,1293032,712
2,70,2868585,712
3,70,1270523,909
3,70,2805879,909
3,70,2644433,1124
3,70,2901206,1124
3,70,3047769,117
3,70,3026882,117
3,70,1316622,117
1,71,2766506,928
1,71,1182472,928
1,71,1180769,1023
1,71,1006468,1023
1,71,1006468,1023
1,71,1006468,1023
1,71,1365502,1108
1,71,1252809,1111
1,71,2843487,1214
1,71,2686906,1214
2,71,2886798,309
2,71,2758756,309
2,71,2855779,321
2,71,1465953,321
2,71,1031160,321
2,71,2671611,321
2,71,1511838,522
2,71,1272773,522
2,71,2604365,522
2,71,1407599,522
2,71,1065538,603
2,71,1022358,603
2,71,1323188,603
3,71,1365502,905
3,71,2843687,905
3,71,2832863,905
3,71,1559555,1018
3,71,1161260,1103
3,71,2871202,1103
3,71,2728106,1105
3,71,2785087,1105
3,71,1041173,1105
3,71,1553234,1105
3,71,1194636,1128
3,71,2891429,1128
1,72,1158268,917
1,72,1368724,917
1,72,1344711,917
1,72,2703649,917
1,72,1494544,917
1,72,2707137,917
1,72,2888541,917
1,72,2628889,1223
1,72,1152733,1223
1,72,2719609,1223
1,72,2758330,1223
1,72,2697957,1223
1,72,2565121,1223
1,72,1386401,1223
1,72,1570564,1223
1,72,2751646,1223
1,72,1431273,1223
1,72,2981373,104
2,72,2709789,327
2,72,2982274,327
2,72,2998138,327
2,72,1187166,327
2,72,1372394,327
2,72,2857302,327
2,72,2997926,327
2,72,2883181,327
2,72,1292487,327
2,72,1427405,327
2,72,2730124,413
2,72,2878360,413
2,72,2730124,503
2,72,2656089,503
2,72,2588621,503
2,72,2686115,503
2,72,2878761,503
2,72,2747603,503
2,72,2966943,503
2,72,1310455,503
2,72,2878360,529
2,72,2686115,529
2,72,2686115,619
2,72,2846106,622
2,72,2849273,622
2,72,2763919,626
2,72,1562216,626
2,72,1541115,626
2,72,2750797,626
2,72,2805117,626
2,72,1198609,626
2,72,2666008,626
3,72,1557623,904
3,72,2917531,904
3,72,2978148,904
3,72,2863623,904
3,72,2642472,904
3,72,1338147,904
3,72,2883331,904
3,72,2911670,904
3,72,2878778,904
3,72,2883331,926
3,72,2841690,926
3,72,2767610,926
3,72,2764301,926
3,72,1563306,926
3,72,2608775,926
3,72,2625636,926
3,72,1569007,926
3,72,2591470,926
3,72,2841693,926
3,72,2620040,926
3,72,2836901,926
3,72,1563306,1022
3,72,2662028,1022
3,72,2908794,1022
3,72,1347887,1022
3,72,2780567,1022
3,72,2818639,1022
3,72,2838020,1022
3,72,1463562,1022
3,72,2602453,1107
3,72,1546781,1107
3,72,2905632,1107
3,72,1359237,1107
3,72,1173383,1107
3,72,1502902,1117
3,72,1378923,1117
1,74,2856747,1009
1,74,1163796,1009
1,74,2918306,1013
1,74,2818723,1013
1,74,1031234,1027
1,74,1259760,1027
1,74,2768198,1027
1,74,2720884,1027
1,74,1543412,1027
1,74,2887481,1027
1,74,2577733,1027
1,74,2896128,1110
1,74,2871910,1110
1,74,2943893,1110
1,74,1463968,1111
1,74,1463971,1111
1,74,1545644,1111
1,74,1486391,1124
1,74,1456137,1124
1,74,2586025,1125
1,74,2894618,1125
1,74,2879224,1201
1,74,1499585,1208
1,74,1333509,1217
1,74,2574875,112
1,74,2887222,112
1,74,2586023,112
1,74,2880420,112
1,74,2586031,116
2,74,1366782,226
2,74,2879226,302
2,74,2785637,302
2,74,1555169,302
2,74,2881433,302
2,74,1338095,308
2,74,2910990,324
2,74,2915141,324
2,74,1558733,324
2,74,1322533,330
2,74,1525298,330
2,74,1498292,330
2,74,1148357,330
2,74,1292801,401
2,74,1133077,401
2,74,2887284,405
2,74,1413119,405
2,74,2994432,405
2,74,2879436,406
2,74,1454557,410
2,74,1366782,413
2,74,2774777,413
2,74,2834916,424
2,74,2696976,424
2,74,2887284,430
2,74,2229899,505
2,74,1148357,511
2,74,1322533,511
2,74,1193030,511
2,74,2785640,511
2,74,2724063,511
2,74,2870803,511
2,74,1278738,520
2,74,2748891,611
2,74,1322533,611
2,74,2774777,615
3,74,1274595,902
3,74,1274586,902
3,74,2719258,902
3,74,2789011,906
3,74,2721688,906
3,74,2963496,906
3,74,1392437,906
3,74,2808382,911
3,74,2954377,911
3,74,2871061,913
3,74,1319031,916
3,74,2713540,916
3,74,2869985,916
3,74,1224286,916
3,74,2594870,1018
3,74,2918853,1022
3,74,1540816,1022
3,74,1274592,1122
3,74,1180518,1122
3,74,2774400,1122
3,74,2601856,1123
3,74,1274592,1214
3,74,2774400,1214
3,74,2601856,1214
1,76,1197980,915
1,76,2764238,915
1,76,2697050,915
1,76,2464275,915
1,76,1471448,915
1,76,2697059,915
1,76,2592587,916
1,76,2747689,916
1,76,1503404,1116
1,76,2729634,1116
1,76,1308256,1122
1,76,1278287,1130
1,76,1160775,1206
1,76,2815816,1206
1,76,1505563,102
1,76,1438745,102
1,76,1308257,102
1,76,2747518,102
1,76,1277875,118
1,76,1160777,118
1,76,1180178,118
2,76,2723123,303
2,76,2807091,420
3,76,2793064,901
3,76,2579860,901
3,76,2911672,912
3,76,1291356,1004
3,76,2767360,1004
3,76,1407284,1004
3,76,1258929,1103
3,76,1556329,1103
3,76,1405298,1103
3,76,1291356,1116
1,77,1361413,1107
1,77,2602664,1107
1,77,2600301,1122
1,78,1065468,1026
1,79,2675980,914
1,79,1453927,923
1,79,2716090,923
1,79,1299801,1011
1,79,1173574,1011
1,79,2830790,1015
1,79,2834915,1015
1,79,1456042,1015
1,79,2685549,1122
1,79,2966643,1122
1,79,2564952,1122
1,79,2564928,1122
1,79,2897073,1125
1,79,2802110,1125
1,79,2719856,1125
1,79,1086642,1125
1,79,2758521,1128
1,79,2801769,1128
2,79,2886834,226
2,79,1570814,226
2,79,1304590,226
2,79,1464461,228
2,79,2757681,315
2,79,2663879,324
2,79,2803114,406
2,79,2799169,406
2,79,1252713,411
2,79,2918586,411
2,79,1035056,415
2,79,2632126,415
2,79,2917413,415
2,79,2758510,423
2,79,2770481,427
2,79,1447962,427
2,79,1099680,530
2,79,1180519,530
2,79,1566663,530
2,79,2855780,530
2,79,2811005,530
2,79,1420830,530
2,79,2888321,530
2,79,2993300,601
3,79,2763734,911
3,79,3010817,911
3,79,3010817,1017
3,79,1169002,1028
3,79,1301798,1028
3,79,2577990,1028
3,79,2764404,1106
3,79,1058846,1106
3,79,1025399,1106
3,79,2897811,1106
3,79,1325924,1106
3,79,1411574,1106
3,79,2990751,1118
3,79,2799102,1118
3,79,2913360,1118
3,79,1383653,1118
3,79,2707145,1118
3,79,2799102,105
3,79,2990751,105
3,79,2707145,105
3,79,2737039,109
1,80,1033509,1101
1,80,1195797,1101
1,80,2875305,1101
1,80,2796102,1104
1,80,1351214,1104
1,80,1157879,1104
1,81,2702832,1013
1,81,2873257,1017
1,81,1411255,1017
1,81,2821474,1027
1,81,2856469,1027
1,81,1438745,1125
1,81,2589554,1125
2,81,2853298,301
2,81,2987516,323
3,81,1249503,905
3,81,1344132,905
3,81,2590739,905
3,81,2699916,905
3,81,1096127,905
3,81,3027578,908
3,81,1344132,1018
3,81,3027578,1018
3,81,1096127,1018
3,81,1384222,1029
3,81,2728105,1029
3,81,2740487,1029
3,81,1058849,1029
3,81,1054325,1126
3,81,1096127,106
3,81,1339413,106
3,81,1054325,106
3,81,2968644,107
3,81,2995831,107
1,82,2932456,917
1,82,1429534,917
1,82,1509978,1012
1,82,2945539,1012
1,82,1517125,1012
1,82,2758027,1023
1,82,2920038,1120
1,82,2659798,1120
1,82,2593459,1214
1,82,1316355,1214
2,82,1263303,226
2,82,1450960,228
2,82,1051566,228
2,82,1150421,228
2,82,2696571,228
2,82,2794748,304
2,82,1117121,304
2,82,1129386,304
2,82,1537335,311
2,82,1537321,311
2,82,1178704,311
2,82,2833849,411
2,82,1450962,411
2,82,2639086,411
2,82,1525378,517
2,82,1031274,525
2,82,1472231,525
3,82,2816037,906
3,82,2237008,906
3,82,2892773,1018
3,82,1396349,1018
3,82,1282978,1018
1,83,2828918,921
1,83,2734442,926
1,83,1181996,926
1,83,1499775,1228
2,83,1252091,303
2,83,1322531,303
2,83,1322531,412
1,84,2917412,926
1,84,1292059,926
1,84,2878794,926
1,84,2788641,926
1,84,1511720,928
1,84,2600733,1023
1,84,1141173,1023
1,84,2929244,1023
1,84,2602128,1023
2,84,2857566,306
2,84,1407873,306
2,84,2631397,306
2,84,1422757,312
2,84,2849271,312
2,84,2843688,312
2,84,1319938,522
3,84,2889637,908
3,84,2890589,908
3,84,2845888,915
3,84,2845888,1020
3,84,1330634,111
3,84,2977182,111
3,84,2871442,111
1,85,2810211,917
1,85,1396266,917
1,85,2645723,917
1,85,1289404,917
1,85,2774427,917
1,85,2594489,1006
1,85,1287046,1006
1,85,1155288,1006
1,85,2626986,1010
1,85,2626988,1010
1,85,2697123,1010
1,85,2594489,1121
1,85,1287046,1121
1,85,2983151,1228
1,85,2983248,1228
1,85,2983205,1228
1,85,2918136,111
1,85,1216949,116
1,85,2793711,116
1,85,1436411,116
2,85,2712808,327
2,85,1277606,327
2,85,2994363,327
2,85,1277606,512
2,85,1163912,512
3,85,2796258,1109
1,86,2857564,1008
1,86,1543702,1008
1,86,1279490,1018
1,86,1412367,1018
1,86,1543702,1108
1,86,2857564,1108
1,86,2642565,1118
1,86,1289199,1118
1,86,2718123,1122
1,86,1518316,1122
1,86,2588798,1122
1,86,2642535,1122
1,86,1518316,1122
1,86,2718123,1122
1,86,2588798,1122
1,86,2642535,1122
1,86,1280635,1122
1,86,2604357,1122
1,86,1163194,1122
1,86,2895373,1122
1,86,2783677,1123
1,86,2919680,1123
1,86,2943387,1201
1,86,2908376,1201
1,86,2960680,1201
1,86,2630680,1201
1,86,2797728,1202
1,86,2595934,1208
1,86,1491609,1208
1,86,1416616,1208
2,86,2786516,310
2,86,2799042,310
2,86,1434107,310
2,86,1399003,310
2,86,2805117,310
2,86,1258758,318
2,86,2964219,329
2,86,2819845,329
2,86,2831239,329
2,86,2988658,329
2,86,1466927,329
2,86,1117148,329
2,86,2762831,329
2,86,1279861,329
2,86,2799263,329
2,86,2942113,712
1,87,1146469,922
1,87,1262333,922
1,87,2619919,922
1,87,1424642,1018
1,87,1362788,1018
2,87,1039616,414
2,87,1405454,414
2,87,1389626,426
2,87,1460976,508
2,87,1556088,512
2,87,1274589,515
2,87,1396257,520
2,87,2872671,522
3,87,1532907,903
3,87,2785634,903
3,87,2830979,923
3,87,1268514,1013
3,87,2696197,1029
3,87,1425467,1029
3,87,1146641,1029
3,87,1384218,1029
3,87,2728106,1029
3,87,2892966,1101
3,87,1360193,1101
3,87,1297837,1210
2,88,2922808,624
3,88,1267485,909
1,89,2625044,916
1,89,1190107,918
1,89,2604903,918
1,89,1475113,923
1,89,1384047,925
1,89,1475113,1009
1,89,1384047,1031
1,89,1324438,1112
1,89,2632824,1112
1,89,1303617,1112
1,89,2566461,1112
1,89,2677739,1112
1,89,1367829,1112
1,89,1475113,1121
1,89,2585991,1225
1,89,2807809,109
1,89,1564401,109
1,89,1125137,109
1,89,2741393,109
1,89,2732766,109
1,89,2923028,113
1,89,1086716,113
1,89,2815427,113
1,89,2573240,113
1,89,2912506,113
1,89,2738924,113
1,89,2607424,113
2,89,2784818,225
2,89,1422754,307
2,89,2867723,313
2,89,1352029,313
2,89,1178566,313
2,89,1339075,406
2,89,1278666,406
2,89,2637193,406
2,89,1446579,406
2,89,1422754,423
2,89,2637193,427
2,89,1541978,511
2,89,1126886,511
2,89,2586706,511
2,89,1439101,511
2,89,2237500,511
2,89,2832537,512
2,89,2981471,512
2,89,1055714,521
2,89,2960732,521
2,89,1381430,521
2,89,1278666,522
2,89,1446579,522
2,89,1339075,522
2,89,2933710,526
2,89,2637193,607
2,89,1422754,607
2,89,1247505,630
2,89,2848324,630
2,89,2849659,630
2,89,1350468,711
3,89,1231535,903
3,89,2838935,903
3,89,1224247,903
3,89,1107439,903
3,89,2819005,903
3,89,2774398,1013
3,89,1068768,1013
3,89,1231535,1013
3,89,2838935,1013
3,89,2703868,1108
3,89,1333916,1108
3,89,1224247,1118
3,89,1089363,1118
3,89,1174693,1118
3,89,1068768,1125
3,89,2774398,1125
3,89,1320628,1212
3,89,1320643,1212
3,89,2810226,1216
3,89,1345588,1216
1,90,1512939,917
1,90,2697393,924
1,90,2721421,924
1,90,1252577,924
1,90,1444405,924
1,90,1263208,1010
1,90,1044201,1025
1,90,1104576,1130
1,90,2720615,1130
2,90,1419452,409
2,90,2870952,409
2,90,1405066,604
2,90,1404781,604
2,90,1404781,626
3,90,3013650,910
3,90,2684602,910
3,90,1354491,910
1,91,1268819,922
1,91,2663785,922
1,91,1305808,924
1,91,1540782,924
1,91,2606248,1010
1,91,1398856,1010
1,91,1305791,1015
1,91,1305801,1015
1,91,1475921,1015
1,91,1305772,1015
1,91,1260095,1021
1,91,1320861,1021
1,91,1260062,1021
1,91,1290490,1021
1,91,1286117,1021
1,91,1290490,1129
1,91,1286117,1129
1,91,1465668,115
2,91,1558554,417
2,91,1510820,417
3,91,1181878,903
3,91,1511720,903
3,91,2877080,903
3,91,1098941,903
3,91,2833741,1013
3,91,2648569,1013
3,91,2964281,1013
3,91,1157857,1013
3,91,1271429,1013
3,91,1338819,1019
3,91,2964290,1019
3,91,2832034,1019
3,91,1468063,1019
3,91,2964272,1019
3,91,1347884,1022
3,91,1450170,1022
3,91,1299303,1022
